,California,Daily CA,7-day CA,Texas,Daily TX,7-day TX,Florida,Daily FL,7-day FL,New York,Daily NY,7-day NY,Pennsylvania,Daily PA,7-day PA
1/22/20,0.0,0.0,0.0,0.0,0.0,0.0,0.0,0.0,0.0,0.0,0.0,0.0,0.0,0.0,0.0
1/23/20,0.0,0.0,0.0,0.0,0.0,0.0,0.0,0.0,0.0,0.0,0.0,0.0,0.0,0.0,0.0
1/24/20,0.0,0.0,0.0,0.0,0.0,0.0,0.0,0.0,0.0,0.0,0.0,0.0,0.0,0.0,0.0
1/25/20,0.0,0.0,0.0,0.0,0.0,0.0,0.0,0.0,0.0,0.0,0.0,0.0,0.0,0.0,0.0
1/26/20,2.0,2.0,0.0,0.0,0.0,0.0,0.0,0.0,0.0,0.0,0.0,0.0,0.0,0.0,0.0
1/27/20,2.0,0.0,0.0,0.0,0.0,0.0,0.0,0.0,0.0,0.0,0.0,0.0,0.0,0.0,0.0
1/28/20,2.0,0.0,0.86,0.0,0.0,0.0,0.0,0.0,0.0,0.0,0.0,0.0,0.0,0.0,0.0
1/29/20,2.0,0.0,0.2799999999999999,0.0,0.0,0.0,0.0,0.0,0.0,0.0,0.0,0.0,0.0,0.0,0.0
1/30/20,2.0,0.0,0.29000000000000004,0.0,0.0,0.0,0.0,0.0,0.0,0.0,0.0,0.0,0.0,0.0,0.0
1/31/20,3.0,1.0,0.43000000000000016,0.0,0.0,0.0,0.0,0.0,0.0,0.0,0.0,0.0,0.0,0.0,0.0
2/1/20,3.0,0.0,0.42999999999999994,0.0,0.0,0.0,0.0,0.0,0.0,0.0,0.0,0.0,0.0,0.0,0.0
2/2/20,3.0,0.0,0.14000000000000012,0.0,0.0,0.0,0.0,0.0,0.0,0.0,0.0,0.0,0.0,0.0,0.0
2/3/20,6.0,3.0,0.5699999999999998,0.0,0.0,0.0,0.0,0.0,0.0,0.0,0.0,0.0,0.0,0.0,0.0
2/4/20,6.0,0.0,0.5699999999999998,0.0,0.0,0.0,0.0,0.0,0.0,0.0,0.0,0.0,0.0,0.0,0.0
2/5/20,6.0,0.0,0.5699999999999998,0.0,0.0,0.0,0.0,0.0,0.0,0.0,0.0,0.0,0.0,0.0,0.0
2/6/20,6.0,0.0,0.5700000000000003,0.0,0.0,0.0,0.0,0.0,0.0,0.0,0.0,0.0,0.0,0.0,0.0
2/7/20,6.0,0.0,0.4299999999999997,0.0,0.0,0.0,0.0,0.0,0.0,0.0,0.0,0.0,0.0,0.0,0.0
2/8/20,6.0,0.0,0.4300000000000006,0.0,0.0,0.0,0.0,0.0,0.0,0.0,0.0,0.0,0.0,0.0,0.0
2/9/20,6.0,0.0,0.4299999999999997,0.0,0.0,0.0,0.0,0.0,0.0,0.0,0.0,0.0,0.0,0.0,0.0
2/10/20,6.0,0.0,0.0,0.0,0.0,0.0,0.0,0.0,0.0,0.0,0.0,0.0,0.0,0.0,0.0
2/11/20,7.0,1.0,0.13999999999999968,0.0,0.0,0.0,0.0,0.0,0.0,0.0,0.0,0.0,0.0,0.0,0.0
2/12/20,7.0,0.0,0.15000000000000036,0.0,0.0,0.0,0.0,0.0,0.0,0.0,0.0,0.0,0.0,0.0,0.0
2/13/20,8.0,1.0,0.28000000000000025,0.0,0.0,0.0,0.0,0.0,0.0,0.0,0.0,0.0,0.0,0.0,0.0
2/14/20,8.0,0.0,0.29000000000000004,0.0,0.0,0.0,0.0,0.0,0.0,0.0,0.0,0.0,0.0,0.0,0.0
2/15/20,8.0,0.0,0.27999999999999936,0.0,0.0,0.0,0.0,0.0,0.0,0.0,0.0,0.0,0.0,0.0,0.0
2/16/20,8.0,0.0,0.29000000000000004,0.0,0.0,0.0,0.0,0.0,0.0,0.0,0.0,0.0,0.0,0.0,0.0
2/17/20,8.0,0.0,0.28000000000000025,0.0,0.0,0.0,0.0,0.0,0.0,0.0,0.0,0.0,0.0,0.0,0.0
2/18/20,8.0,0.0,0.15000000000000036,0.0,0.0,0.0,0.0,0.0,0.0,0.0,0.0,0.0,0.0,0.0,0.0
2/19/20,8.0,0.0,0.13999999999999968,0.0,0.0,0.0,0.0,0.0,0.0,0.0,0.0,0.0,0.0,0.0,0.0
2/20/20,8.0,0.0,0.0,0.0,0.0,0.0,0.0,0.0,0.0,0.0,0.0,0.0,0.0,0.0,0.0
2/21/20,10.0,2.0,0.28999999999999915,0.0,0.0,0.0,0.0,0.0,0.0,0.0,0.0,0.0,0.0,0.0,0.0
2/22/20,10.0,0.0,0.28000000000000114,0.0,0.0,0.0,0.0,0.0,0.0,0.0,0.0,0.0,0.0,0.0,0.0
2/23/20,10.0,0.0,0.28999999999999915,0.0,0.0,0.0,0.0,0.0,0.0,0.0,0.0,0.0,0.0,0.0,0.0
2/24/20,10.0,0.0,0.28000000000000114,0.0,0.0,0.0,0.0,0.0,0.0,0.0,0.0,0.0,0.0,0.0,0.0
2/25/20,10.0,0.0,0.28999999999999915,0.0,0.0,0.0,0.0,0.0,0.0,0.0,0.0,0.0,0.0,0.0,0.0
2/26/20,10.0,0.0,0.28000000000000114,0.0,0.0,0.0,0.0,0.0,0.0,0.0,0.0,0.0,0.0,0.0,0.0
2/27/20,11.0,1.0,0.4299999999999997,0.0,0.0,0.0,0.0,0.0,0.0,0.0,0.0,0.0,0.0,0.0,0.0
2/28/20,11.0,0.0,0.14999999999999858,0.0,0.0,0.0,0.0,0.0,0.0,0.0,0.0,0.0,0.0,0.0,0.0
2/29/20,12.0,1.0,0.28000000000000114,0.0,0.0,0.0,0.0,0.0,0.0,0.0,0.0,0.0,0.0,0.0,0.0
3/1/20,12.0,0.0,0.28999999999999915,0.0,0.0,0.0,0.0,0.0,0.0,0.0,0.0,0.0,0.0,0.0,0.0
3/2/20,21.0,9.0,1.5700000000000003,0.0,0.0,0.0,1.0,1.0,0.14,0.0,0.0,0.0,0.0,0.0,0.0
3/3/20,25.0,4.0,2.1400000000000006,0.0,0.0,0.0,2.0,1.0,0.29,1.0,1.0,0.14,0.0,0.0,0.0
3/4/20,35.0,10.0,3.5700000000000003,0.0,0.0,0.0,2.0,0.0,0.27999999999999997,10.0,9.0,1.4300000000000002,0.0,0.0,0.0
3/5/20,51.0,16.0,5.719999999999999,3.0,3.0,0.43,3.0,1.0,0.42999999999999994,21.0,11.0,3.0,0.0,0.0,0.0
3/6/20,59.0,8.0,6.850000000000001,4.0,1.0,0.5700000000000001,3.0,0.0,0.43000000000000016,24.0,3.0,3.4299999999999997,2.0,2.0,0.29
3/7/20,81.0,22.0,9.86,8.0,4.0,1.1400000000000001,7.0,4.0,0.9999999999999998,76.0,52.0,10.86,2.0,0.0,0.27999999999999997
3/8/20,95.0,14.0,11.86,11.0,3.0,1.5699999999999998,10.0,3.0,1.4300000000000002,105.0,29.0,15.0,6.0,4.0,0.86
3/9/20,101.0,6.0,11.43,13.0,2.0,1.8600000000000003,13.0,3.0,1.71,138.0,33.0,19.71,7.0,1.0,1.0000000000000002
3/10/20,144.0,43.0,17.0,16.0,3.0,2.29,15.0,2.0,1.8600000000000003,152.0,14.0,21.57,12.0,5.0,1.7099999999999995
3/11/20,178.0,34.0,20.430000000000007,21.0,5.0,2.999999999999999,24.0,9.0,3.1400000000000006,216.0,64.0,29.429999999999993,16.0,4.0,2.29
3/12/20,221.0,43.0,24.279999999999987,27.0,6.0,3.4299999999999997,30.0,6.0,3.8599999999999994,296.0,80.0,39.29000000000002,22.0,6.0,3.1400000000000006
3/13/20,281.0,60.0,31.72,44.0,17.0,5.710000000000001,50.0,20.0,6.719999999999999,379.0,83.0,50.70999999999998,41.0,19.0,5.57
3/14/20,372.0,91.0,41.57000000000002,60.0,16.0,7.43,76.0,26.0,9.850000000000001,557.0,178.0,68.72000000000003,47.0,6.0,6.43
3/15/20,373.0,1.0,39.70999999999998,63.0,3.0,7.43,100.0,24.0,12.86,633.0,76.0,75.41999999999996,47.0,0.0,5.859999999999999
3/16/20,557.0,184.0,65.13999999999999,85.0,22.0,10.280000000000001,101.0,1.0,12.57,961.0,328.0,117.58000000000004,79.0,32.0,10.280000000000001
3/17/20,700.0,143.0,79.43,110.0,25.0,13.43,190.0,89.0,24.999999999999993,1407.0,446.0,179.28000000000003,112.0,33.0,14.29
3/18/20,831.0,131.0,93.29000000000002,196.0,86.0,24.999999999999993,306.0,116.0,40.290000000000006,2507.0,1100.0,327.28999999999996,155.0,43.0,19.86
3/19/20,1009.0,178.0,112.57,306.0,110.0,39.860000000000014,432.0,126.0,57.42999999999999,4221.0,1714.0,560.7099999999999,206.0,51.0,26.28
3/20/20,1243.0,234.0,137.42999999999995,429.0,123.0,55.0,564.0,132.0,73.42000000000002,7660.0,3439.0,1040.14,311.0,105.0,38.57000000000001
3/21/20,1412.0,169.0,148.57000000000005,582.0,153.0,74.57,763.0,199.0,98.15,10410.0,2750.0,1407.58,399.0,88.0,50.28999999999999
3/22/20,1651.0,239.0,182.56999999999994,643.0,61.0,82.86000000000001,1004.0,241.0,129.14,15191.0,4781.0,2079.71,509.0,110.0,66.0
3/23/20,2113.0,462.0,222.28999999999996,758.0,115.0,96.13999999999999,1227.0,223.0,160.86,20884.0,5693.0,2846.1399999999994,698.0,189.0,88.43
3/24/20,2542.0,429.0,263.1400000000001,955.0,197.0,120.71000000000004,1412.0,185.0,174.56999999999994,25681.0,4797.0,3467.720000000001,946.0,248.0,119.13999999999999
3/25/20,3009.0,467.0,311.1400000000001,1229.0,274.0,147.57999999999993,1682.0,270.0,196.57000000000005,30841.0,5160.0,4047.709999999999,1260.0,314.0,157.85999999999996
3/26/20,3910.0,901.0,414.43000000000006,1563.0,334.0,179.57000000000005,2357.0,675.0,275.0,37397.0,6556.0,4739.43,1795.0,535.0,227.0
3/27/20,4679.0,769.0,490.8599999999997,1937.0,374.0,215.42999999999995,2900.0,543.0,333.71000000000004,44701.0,7304.0,5291.57,2345.0,550.0,290.57000000000005
3/28/20,5110.0,431.0,528.2800000000002,2455.0,518.0,267.56999999999994,3763.0,863.0,428.5799999999999,52400.0,7699.0,5998.57,2845.0,500.0,349.43000000000006
3/29/20,5863.0,753.0,601.7199999999998,2792.0,337.0,307.0,4246.0,483.0,463.1399999999999,59648.0,7248.0,6351.0,3432.0,587.0,417.56999999999994
3/30/20,7155.0,1292.0,720.2800000000002,3147.0,355.0,341.2800000000002,5473.0,1227.0,606.5700000000002,66663.0,7015.0,6539.860000000001,4155.0,723.0,493.8600000000001
3/31/20,8233.0,1078.0,813.0,3809.0,662.0,407.72,6741.0,1268.0,761.29,75853.0,9190.0,7167.43,4963.0,808.0,573.8499999999999
4/1/20,9410.0,1177.0,914.4300000000003,4355.0,546.0,446.5699999999997,6956.0,215.0,753.4200000000001,83948.0,8095.0,7586.709999999999,6009.0,1046.0,678.4299999999998
4/2/20,10790.0,1380.0,982.8599999999997,5069.0,714.0,500.8600000000001,9008.0,2052.0,950.1499999999996,92506.0,8558.0,7872.720000000001,7268.0,1259.0,781.8600000000001
4/3/20,12016.0,1226.0,1048.1399999999994,5734.0,665.0,542.4200000000001,10268.0,1260.0,1052.5700000000006,102987.0,10481.0,8326.569999999992,8570.0,1302.0,889.29
4/4/20,12837.0,821.0,1103.8600000000006,6567.0,833.0,587.4300000000003,11537.0,1269.0,1110.5699999999997,113833.0,10846.0,8776.140000000014,10444.0,1874.0,1085.5699999999997
4/5/20,15034.0,2197.0,1310.1399999999994,7209.0,642.0,631.0,12350.0,813.0,1157.7099999999991,123160.0,9327.0,9073.14,11589.0,1145.0,1165.2800000000007
4/6/20,16024.0,990.0,1267.0,8043.0,834.0,699.4299999999994,13324.0,974.0,1121.5800000000017,131815.0,8655.0,9307.429999999993,13127.0,1538.0,1281.7200000000003
4/7/20,17351.0,1327.0,1302.5699999999997,8925.0,882.0,730.8600000000006,14545.0,1221.0,1114.8499999999985,139875.0,8060.0,9146.0,14853.0,1726.0,1412.8499999999985
4/8/20,18897.0,1546.0,1355.2900000000009,9777.0,852.0,774.5699999999997,15456.0,911.0,1214.2900000000009,151061.0,11186.0,9587.570000000007,16631.0,1778.0,1517.4300000000003
4/9/20,19710.0,813.0,1274.2900000000009,11208.0,1431.0,877.0,16364.0,908.0,1050.8600000000006,161779.0,10718.0,9896.14999999998,18300.0,1669.0,1576.0
4/10/20,21081.0,1371.0,1295.0,12105.0,897.0,910.1399999999994,17531.0,1167.0,1037.5699999999997,172348.0,10569.0,9908.710000000021,20051.0,1751.0,1640.1500000000015
4/11/20,21717.0,636.0,1268.5699999999997,13023.0,918.0,922.2900000000009,18494.0,963.0,993.8499999999985,181026.0,8678.0,9599.0,21719.0,1668.0,1610.7099999999991
4/12/20,22800.0,1083.0,1109.4300000000003,13677.0,654.0,924.0,19895.0,1401.0,1077.8600000000006,189033.0,8007.0,9410.429999999993,22938.0,1219.0,1621.2900000000009
4/13/20,23934.0,1134.0,1130.0,14275.0,598.0,890.2799999999988,21019.0,1124.0,1099.2900000000009,195749.0,6716.0,9133.429999999993,24292.0,1354.0,1595.0
4/14/20,25389.0,1455.0,1148.2799999999988,15006.0,731.0,868.7200000000012,21628.0,609.0,1011.8499999999985,203020.0,7271.0,9020.710000000021,25465.0,1173.0,1516.0
4/15/20,26686.0,1297.0,1112.7200000000012,15907.0,901.0,875.7099999999991,22511.0,883.0,1007.8600000000006,214454.0,11434.0,9056.149999999994,26753.0,1288.0,1446.0
4/16/20,27677.0,991.0,1138.1399999999994,16876.0,969.0,809.7200000000012,23343.0,832.0,997.0,223691.0,9237.0,8844.569999999978,28258.0,1505.0,1422.5699999999997
4/17/20,29157.0,1480.0,1153.7099999999991,17849.0,973.0,820.5699999999997,24759.0,1416.0,1032.5699999999997,230597.0,6906.0,8321.280000000028,29888.0,1630.0,1405.2799999999988
4/18/20,30511.0,1354.0,1256.2900000000009,18704.0,855.0,811.5699999999997,25492.0,733.0,999.7200000000012,237403.0,6806.0,8053.859999999986,31652.0,1764.0,1419.0
4/19/20,31431.0,920.0,1233.0,19260.0,556.0,797.5699999999997,26314.0,822.0,917.0,243551.0,6148.0,7788.290000000008,32902.0,1250.0,1423.4300000000003
4/20/20,33686.0,2255.0,1393.1399999999994,19751.0,491.0,782.2900000000009,27059.0,745.0,862.8499999999985,248631.0,5080.0,7554.569999999978,33914.0,1012.0,1374.5699999999997
4/21/20,35480.0,1794.0,1441.5699999999997,20664.0,913.0,808.2799999999988,27869.0,810.0,891.5800000000017,253496.0,4865.0,7210.850000000006,35249.0,1335.0,1397.7200000000012
4/22/20,37352.0,1872.0,1523.7200000000012,21321.0,657.0,773.4300000000003,28309.0,440.0,828.2799999999988,258427.0,4931.0,6281.860000000015,36082.0,833.0,1332.7099999999991
4/23/20,39561.0,2209.0,1697.7099999999991,22650.0,1329.0,824.8600000000006,29648.0,1339.0,900.7200000000012,263460.0,5033.0,5681.289999999979,38379.0,2297.0,1445.8600000000006
4/24/20,41355.0,1794.0,1742.5699999999997,23642.0,992.0,827.5699999999997,30533.0,885.0,824.8499999999985,271590.0,8130.0,5856.140000000014,40208.0,1829.0,1474.2799999999988
4/25/20,42368.0,1013.0,1693.8600000000006,24153.0,511.0,778.4300000000003,30839.0,306.0,763.8600000000006,282143.0,10553.0,6391.429999999993,41153.0,945.0,1357.2900000000009
4/26/20,43559.0,1191.0,1732.5699999999997,24967.0,814.0,815.2799999999988,31532.0,693.0,745.4300000000003,288045.0,5902.0,6356.280000000028,42616.0,1463.0,1387.7099999999991
4/27/20,44972.0,1413.0,1612.2900000000009,25412.0,445.0,808.7200000000012,32138.0,606.0,725.5699999999997,291996.0,3951.0,6195.0,43558.0,942.0,1377.7200000000012
4/28/20,46164.0,1192.0,1526.2799999999988,26357.0,945.0,813.2799999999988,32848.0,710.0,711.2900000000009,295106.0,3110.0,5944.289999999979,45137.0,1579.0,1412.5699999999997
4/29/20,48747.0,2583.0,1627.8600000000006,27369.0,1012.0,864.0,33193.0,345.0,697.7099999999991,299691.0,4585.0,5894.859999999986,46327.0,1190.0,1463.5699999999997
4/30/20,50130.0,1383.0,1509.8600000000006,28727.0,1358.0,868.1500000000015,33690.0,497.0,577.4300000000003,304372.0,4681.0,5844.570000000007,47971.0,1644.0,1370.2900000000009
5/1/20,52026.0,1896.0,1524.4300000000003,29692.0,965.0,864.2799999999988,34728.0,1038.0,599.2799999999988,308314.0,3942.0,5246.280000000028,49579.0,1608.0,1338.7099999999991
5/2/20,53347.0,1321.0,1568.4199999999983,30917.0,1225.0,966.2900000000009,35463.0,735.0,660.5800000000017,312977.0,4663.0,4404.859999999986,50494.0,915.0,1334.4300000000003
5/3/20,54903.0,1556.0,1620.5800000000017,31998.0,1081.0,1004.4300000000003,36078.0,615.0,649.4199999999983,316415.0,3438.0,4052.859999999986,51225.0,731.0,1229.8600000000006
5/4/20,55884.0,981.0,1558.8499999999985,32783.0,785.0,1053.0,36897.0,819.0,679.8600000000006,318953.0,2538.0,3851.0,52816.0,1591.0,1322.5699999999997
5/5/20,58456.0,2572.0,1756.0,33912.0,1129.0,1079.2799999999988,37439.0,542.0,655.8600000000006,321192.0,2239.0,3726.570000000007,53864.0,1048.0,1246.7099999999991
5/6/20,60616.0,2160.0,1695.5699999999997,34928.0,1016.0,1079.8600000000006,38002.0,563.0,687.0,323978.0,2786.0,3469.570000000007,54800.0,936.0,1210.4300000000003
5/7/20,62148.0,1532.0,1716.8600000000006,36036.0,1108.0,1044.1399999999994,38828.0,826.0,734.0,327469.0,3491.0,3299.570000000007,55956.0,1156.0,1140.7200000000012
5/8/20,63800.0,1652.0,1682.0,37246.0,1210.0,1079.1500000000015,39199.0,371.0,638.7099999999991,330407.0,2938.0,3156.149999999965,57371.0,1415.0,1113.1399999999994
5/9/20,66572.0,2772.0,1889.2900000000009,38394.0,1148.0,1068.1399999999994,40001.0,802.0,648.2900000000009,333122.0,2715.0,2877.850000000035,58560.0,1189.0,1152.2799999999988
5/10/20,67600.0,1028.0,1813.8499999999985,39258.0,864.0,1037.1399999999994,40596.0,595.0,645.4300000000003,335395.0,2273.0,2711.429999999993,59939.0,1379.0,1244.8600000000006
5/11/20,69329.0,1729.0,1920.7200000000012,40555.0,1297.0,1110.2900000000009,40982.0,386.0,583.5699999999997,337055.0,1660.0,2586.0,60459.0,520.0,1091.8600000000006
5/12/20,70980.0,1651.0,1789.1400000000067,41668.0,1113.0,1108.0,41923.0,941.0,640.5699999999997,338485.0,1430.0,2470.429999999993,61310.0,851.0,1063.7099999999991
5/13/20,72798.0,1818.0,1740.2899999999936,43020.0,1352.0,1156.0,42402.0,479.0,628.5699999999997,340661.0,2176.0,2383.289999999979,62101.0,791.0,1043.0
5/14/20,74871.0,2073.0,1817.5699999999924,44480.0,1460.0,1206.2799999999988,43210.0,808.0,626.0,343051.0,2390.0,2226.0,63105.0,1004.0,1021.2900000000009
5/15/20,76693.0,1822.0,1841.8600000000006,45721.0,1241.0,1210.7200000000012,44138.0,928.0,705.5699999999997,345813.0,2762.0,2200.850000000035,64136.0,1031.0,966.4300000000003
5/16/20,78725.0,2032.0,1736.1399999999994,47452.0,1731.0,1294.0,44811.0,673.0,687.1500000000015,348232.0,2419.0,2158.570000000007,65185.0,1049.0,946.4300000000003
5/17/20,80166.0,1441.0,1795.140000000014,48396.0,944.0,1305.4300000000003,45588.0,777.0,713.1399999999994,350121.0,1889.0,2103.719999999972,65700.0,515.0,823.0
5/18/20,81518.0,1352.0,1741.2899999999936,49177.0,781.0,1231.7099999999991,46442.0,854.0,780.0,351371.0,1250.0,2045.140000000014,66669.0,969.0,887.1399999999994
5/19/20,83764.0,2246.0,1826.2799999999988,50552.0,1375.0,1269.1399999999994,46944.0,502.0,717.2799999999988,352845.0,1474.0,2051.429999999993,67311.0,642.0,857.2799999999988
5/20/20,86018.0,2254.0,1888.570000000007,51859.0,1307.0,1262.7200000000012,47471.0,527.0,724.1500000000015,354370.0,1525.0,1958.429999999993,68126.0,815.0,860.7199999999939
5/21/20,88056.0,2038.0,1883.5799999999872,53053.0,1194.0,1224.7099999999991,48675.0,1204.0,780.7099999999991,356458.0,2088.0,1915.280000000028,69252.0,1126.0,878.140000000014
5/22/20,90281.0,2225.0,1941.1399999999994,53539.0,486.0,1116.8600000000006,49451.0,776.0,759.0,358154.0,1696.0,1763.0,70211.0,959.0,867.859999999986
5/23/20,92564.0,2283.0,1977.0,54776.0,1237.0,1046.2799999999988,50127.0,676.0,759.4300000000003,359926.0,1772.0,1670.579999999958,71009.0,798.0,832.0
5/24/20,94069.0,1505.0,1986.140000000014,55861.0,1085.0,1066.4300000000003,50867.0,740.0,754.1399999999994,361515.0,1589.0,1627.710000000021,71563.0,554.0,837.570000000007
5/25/20,96470.0,2401.0,2136.0,56409.0,548.0,1033.1500000000015,51746.0,879.0,757.7200000000012,362764.0,1249.0,1627.570000000007,71925.0,362.0,750.8600000000006
5/26/20,99492.0,3022.0,2246.859999999986,57230.0,821.0,954.0,52255.0,509.0,758.7099999999991,363836.0,1072.0,1570.140000000014,72778.0,853.0,781.0
5/27/20,101071.0,1579.0,2150.4300000000076,58542.0,1312.0,954.7099999999991,52634.0,379.0,737.5699999999997,364965.0,1129.0,1513.579999999958,73557.0,779.0,775.8500000000058
5/28/20,103813.0,2742.0,2251.0,60395.0,1853.0,1048.8600000000006,53285.0,651.0,658.5699999999997,366733.0,1768.0,1467.850000000035,74220.0,663.0,709.7199999999866
5/29/20,106638.0,2825.0,2336.7100000000064,60901.0,506.0,1051.7099999999991,54497.0,1212.0,720.8600000000006,368284.0,1551.0,1447.149999999965,74984.0,764.0,681.8600000000006
5/30/20,109895.0,3257.0,2475.859999999986,62894.0,1993.0,1159.7200000000012,55424.0,927.0,756.7200000000012,369660.0,1376.0,1390.570000000007,75697.0,713.0,669.7100000000064
5/31/20,111951.0,2056.0,2554.570000000007,64652.0,1758.0,1255.8499999999985,56163.0,739.0,756.5699999999997,370770.0,1110.0,1322.140000000014,76129.0,432.0,652.2899999999936
6/1/20,114733.0,2782.0,2609.0,65593.0,941.0,1312.0,56830.0,667.0,726.2799999999988,371711.0,941.0,1278.140000000014,76646.0,517.0,674.4200000000128
6/2/20,117215.0,2482.0,2531.8600000000006,67310.0,1717.0,1440.0,57447.0,617.0,741.7200000000012,373040.0,1329.0,1314.859999999986,77225.0,579.0,635.2899999999936
6/3/20,119374.0,2159.0,2614.7100000000064,68877.0,1567.0,1476.4300000000003,58764.0,1317.0,875.7099999999991,374085.0,1045.0,1302.859999999986,77780.0,555.0,603.2899999999936
6/4/20,122194.0,2820.0,2625.859999999986,70555.0,1678.0,1451.4300000000003,60183.0,1419.0,985.4300000000003,375133.0,1048.0,1200.0,78335.0,555.0,587.8500000000058
6/5/20,125783.0,3589.0,2735.0,72548.0,1993.0,1663.8600000000006,61488.0,1305.0,998.7099999999991,376208.0,1075.0,1132.0,78815.0,480.0,547.2899999999936
6/6/20,128606.0,2823.0,2673.0,74470.0,1922.0,1653.7100000000064,62758.0,1270.0,1047.7200000000012,377316.0,1108.0,1093.710000000021,79505.0,690.0,544.0
6/7/20,130657.0,2051.0,2672.2800000000134,75408.0,938.0,1536.5699999999924,63938.0,1180.0,1110.7099999999991,378097.0,781.0,1046.719999999972,79908.0,403.0,539.8600000000006
6/8/20,133816.0,3159.0,2726.149999999994,76463.0,1055.0,1552.8600000000006,64904.0,966.0,1153.4300000000003,378799.0,702.0,1012.570000000007,80339.0,431.0,527.570000000007
6/9/20,136681.0,2865.0,2780.850000000006,78208.0,1745.0,1556.8600000000006,66000.0,1096.0,1221.8600000000006,379482.0,683.0,920.2800000000279,80870.0,531.0,520.7100000000064
6/10/20,139715.0,3034.0,2905.8600000000006,80777.0,2569.0,1700.0,67371.0,1371.0,1229.5699999999997,380156.0,674.0,867.289999999979,81316.0,446.0,505.1399999999994
6/11/20,143439.0,3724.0,3035.0,82658.0,1881.0,1729.0,69069.0,1698.0,1269.4300000000003,380892.0,736.0,822.710000000021,81848.0,532.0,501.8600000000006
6/12/20,146659.0,3220.0,2982.289999999979,84927.0,2269.0,1768.429999999993,70971.0,1902.0,1354.7099999999991,381714.0,822.0,786.570000000007,82481.0,633.0,523.7199999999866
6/13/20,150034.0,3375.0,3061.140000000014,86915.0,1988.0,1777.8500000000058,73552.0,2581.0,1542.0,382630.0,916.0,759.1499999999651,82944.0,463.0,491.2800000000134
6/14/20,152349.0,2315.0,3098.859999999986,88523.0,1608.0,1873.570000000007,75568.0,2016.0,1661.4300000000076,383324.0,694.0,746.710000000021,83203.0,259.0,470.7199999999866
6/15/20,155726.0,3377.0,3130.0,90211.0,1688.0,1964.0,77326.0,1758.0,1774.5699999999924,383944.0,620.0,735.0,83589.0,386.0,464.2800000000134
6/16/20,158961.0,3235.0,3182.850000000006,93569.0,3358.0,2194.429999999993,80109.0,2783.0,2015.570000000007,384575.0,631.0,727.570000000007,83978.0,389.0,444.0
6/17/20,162798.0,3837.0,3297.5800000000163,97699.0,4130.0,2417.4300000000076,82719.0,2610.0,2192.579999999987,385142.0,567.0,712.289999999979,84289.0,311.0,424.7199999999866
6/18/20,167133.0,4335.0,3384.850000000006,101259.0,3560.0,2657.2899999999936,85926.0,3207.0,2408.1399999999994,385760.0,618.0,695.429999999993,84683.0,394.0,405.0
6/19/20,170862.0,3729.0,3457.569999999978,105394.0,4135.0,2923.850000000006,89748.0,3822.0,2682.4300000000076,386556.0,796.0,691.710000000021,85199.0,516.0,388.2800000000134
6/20/20,175243.0,4381.0,3601.290000000008,109581.0,4187.0,3238.0,93797.0,4049.0,2892.1399999999994,387272.0,716.0,663.140000000014,85590.0,391.0,378.0
6/21/20,178657.0,3414.0,3758.290000000008,112944.0,3363.0,3488.7199999999866,97291.0,3494.0,3103.2899999999936,387936.0,664.0,658.859999999986,85935.0,345.0,390.2899999999936
6/22/20,184765.0,6108.0,4148.419999999984,117790.0,4846.0,3939.8600000000006,100217.0,2926.0,3270.1399999999994,388488.0,552.0,649.140000000014,86576.0,641.0,426.7100000000064
6/23/20,191477.0,6712.0,4645.149999999994,122932.0,5142.0,4194.710000000006,103503.0,3286.0,3342.0,389085.0,597.0,644.289999999979,87208.0,632.0,461.429999999993
6/24/20,196024.0,4547.0,4746.570000000007,128132.0,5200.0,4347.570000000007,109014.0,5511.0,3756.4300000000076,389666.0,581.0,646.289999999979,87685.0,477.0,485.1399999999994
6/25/20,201112.0,5088.0,4854.140000000014,134558.0,6426.0,4757.0,114018.0,5004.0,4013.1399999999994,390415.0,749.0,665.0,88141.0,456.0,494.0
6/26/20,206844.0,5732.0,5140.289999999979,140173.0,5615.0,4968.429999999993,122960.0,8942.0,4744.570000000007,391220.0,805.0,666.2800000000279,88860.0,719.0,523.0
6/27/20,210692.0,3848.0,5064.140000000014,145894.0,5721.0,5187.570000000007,132545.0,9585.0,5535.429999999993,391923.0,703.0,664.429999999993,89446.0,586.0,550.8600000000006
6/28/20,215487.0,4795.0,5261.429999999993,150722.0,4828.0,5396.859999999986,141075.0,8530.0,6254.860000000001,392539.0,616.0,657.570000000007,89863.0,417.0,561.1399999999994
6/29/20,223646.0,8159.0,5554.429999999993,156706.0,5984.0,5559.429999999993,146341.0,5266.0,6589.139999999999,392930.0,391.0,634.570000000007,90467.0,604.0,555.8600000000006
6/30/20,231418.0,7772.0,5705.850000000006,163060.0,6354.0,5732.570000000007,152434.0,6093.0,6990.140000000014,393454.0,524.0,624.1499999999651,91139.0,672.0,561.570000000007
7/1/20,238681.0,7263.0,6093.860000000015,172368.0,9308.0,6319.429999999993,158997.0,6563.0,7140.429999999993,394079.0,625.0,630.4200000000419,91775.0,636.0,584.2899999999936
7/2/20,246550.0,7869.0,6491.139999999985,179137.0,6769.0,6368.430000000022,169106.0,10109.0,7869.720000000001,394954.0,875.0,648.429999999993,92612.0,837.0,638.7100000000064
7/3/20,250514.0,3964.0,6238.580000000016,186799.0,7662.0,6660.850000000006,178594.0,9488.0,7947.709999999992,395872.0,918.0,664.570000000007,93392.0,780.0,647.429999999993
7/4/20,252895.0,2381.0,6029.0,193958.0,7159.0,6866.289999999979,190052.0,11458.0,8215.290000000008,396598.0,726.0,667.859999999986,93922.0,530.0,639.429999999993
7/5/20,264681.0,11786.0,7027.709999999992,197421.0,3463.0,6671.279999999999,200111.0,10059.0,8433.709999999992,397131.0,533.0,656.0,94403.0,481.0,648.570000000007
7/6/20,271035.0,6354.0,6769.859999999986,205642.0,8221.0,6990.860000000015,206447.0,6336.0,8586.570000000007,397649.0,518.0,674.140000000014,95100.0,697.0,661.8600000000006
7/7/20,284012.0,12977.0,7513.430000000022,216026.0,10384.0,7566.570000000007,213794.0,7347.0,8765.720000000001,398237.0,588.0,683.289999999979,95898.0,798.0,679.8500000000058
7/8/20,292560.0,8548.0,7696.999999999971,224929.0,8903.0,7508.719999999972,223783.0,9989.0,9255.139999999985,398929.0,692.0,692.859999999986,96725.0,827.0,707.1499999999942
7/9/20,302484.0,9924.0,7990.570000000007,236541.0,11612.0,8200.570000000007,232718.0,8935.0,9087.429999999993,399513.0,584.0,651.2800000000279,97542.0,817.0,704.2799999999988
7/10/20,310885.0,8401.0,8624.429999999993,245920.0,9379.0,8445.860000000015,244151.0,11433.0,9365.280000000028,400299.0,786.0,632.429999999993,98482.0,940.0,727.1499999999942
7/11/20,318761.0,7876.0,9409.420000000042,254415.0,8495.0,8636.709999999992,254511.0,10360.0,9208.429999999993,401029.0,730.0,633.0,99216.0,734.0,756.2800000000134
7/12/20,324543.0,5782.0,8551.719999999972,262762.0,8347.0,9334.429999999993,269811.0,15300.0,9957.139999999985,401706.0,677.0,653.570000000007,99794.0,578.0,770.1399999999994
7/13/20,333357.0,8814.0,8903.140000000014,269778.0,7016.0,9162.279999999999,282435.0,12624.0,10855.430000000022,402263.0,557.0,659.1499999999651,100330.0,536.0,747.1499999999942
7/14/20,346211.0,12854.0,8885.570000000007,279577.0,9799.0,9078.720000000001,291629.0,9194.0,11119.289999999979,403175.0,912.0,705.4200000000419,101266.0,936.0,766.8500000000058
7/15/20,354885.0,8674.0,8903.570000000007,290892.0,11315.0,9423.280000000028,301810.0,10181.0,11146.710000000021,404006.0,831.0,725.289999999979,102269.0,1003.0,792.0
7/16/20,364706.0,9821.0,8888.859999999986,305854.0,14962.0,9901.859999999986,315775.0,13965.0,11865.289999999979,404775.0,769.0,751.710000000021,103075.0,806.0,790.429999999993
7/17/20,373259.0,8553.0,8910.570000000007,317768.0,11914.0,10264.0,327241.0,11466.0,11870.0,405551.0,776.0,750.289999999979,104079.0,1004.0,799.570000000007
7/18/20,380745.0,7486.0,8854.859999999986,327106.0,9338.0,10384.429999999993,337569.0,10328.0,11865.429999999993,406305.0,754.0,753.710000000021,104780.0,701.0,794.8600000000006
7/19/20,386906.0,6161.0,8909.0,335257.0,8151.0,10356.429999999993,350047.0,12478.0,11462.280000000028,406807.0,502.0,728.7199999999721,105384.0,604.0,798.5699999999924
7/20/20,397870.0,10964.0,9216.140000000014,343783.0,8526.0,10572.140000000014,360394.0,10347.0,11137.0,407326.0,519.0,723.2800000000279,106405.0,1021.0,867.8600000000006
7/21/20,409305.0,11435.0,9013.429999999993,351071.0,7288.0,10213.429999999993,369834.0,9440.0,11172.149999999965,408181.0,855.0,715.1499999999651,107460.0,1055.0,884.8600000000006
7/22/20,421286.0,11981.0,9485.859999999986,363615.0,12544.0,10389.0,379619.0,9785.0,11115.570000000007,408886.0,705.0,697.140000000014,108223.0,763.0,850.5699999999924
7/23/20,430773.0,9487.0,9438.140000000014,373037.0,9422.0,9597.570000000007,389868.0,10249.0,10584.710000000021,409697.0,811.0,703.140000000014,109105.0,882.0,861.4300000000076
7/24/20,440185.0,9412.0,9560.859999999986,380364.0,7327.0,8942.289999999979,402312.0,12444.0,10724.429999999993,410450.0,753.0,699.859999999986,110292.0,1187.0,887.5699999999924
7/25/20,446452.0,6267.0,9386.710000000021,390286.0,9922.0,9025.710000000021,414511.0,12199.0,10991.710000000021,411200.0,750.0,699.289999999979,111115.0,823.0,905.0
7/26/20,452288.0,5836.0,9340.289999999979,394084.0,3798.0,8403.859999999986,423855.0,9344.0,10544.0,411736.0,536.0,704.140000000014,111745.0,630.0,908.7100000000064
7/27/20,458121.0,5833.0,8607.280000000028,400336.0,6252.0,8079.0,432747.0,8892.0,10336.149999999965,412344.0,608.0,716.859999999986,112995.0,1250.0,941.4300000000076
7/28/20,470762.0,12641.0,8779.579999999958,408493.0,8157.0,8203.140000000014,441977.0,9230.0,10306.140000000014,412878.0,534.0,671.0,114083.0,1088.0,946.1399999999994
7/29/20,484913.0,14151.0,9089.570000000007,418995.0,10502.0,7911.429999999993,451423.0,9446.0,10257.710000000021,413593.0,715.0,672.4200000000419,114939.0,856.0,959.429999999993
7/30/20,492934.0,8021.0,8880.140000000014,428229.0,9234.0,7884.570000000007,461379.0,9956.0,10215.859999999986,414370.0,777.0,667.5799999999581,115807.0,868.0,957.4300000000076
7/31/20,500556.0,7622.0,8624.429999999993,438293.0,10064.0,8275.570000000007,470386.0,9007.0,9724.859999999986,415014.0,644.0,652.0,116787.0,980.0,927.859999999986
8/1/20,506613.0,6057.0,8594.429999999993,444738.0,6445.0,7778.859999999986,480028.0,9642.0,9359.570000000007,415767.0,753.0,652.4200000000419,117468.0,681.0,907.570000000007
8/2/20,512175.0,5562.0,8555.280000000028,448145.0,3407.0,7723.0,487132.0,7104.0,9039.570000000007,416298.0,531.0,651.7199999999721,118033.0,565.0,898.2899999999936
8/3/20,516851.0,4676.0,8390.0,456624.0,8479.0,8041.140000000014,491884.0,4752.0,8448.140000000014,416843.0,545.0,642.710000000021,118894.0,861.0,842.7100000000064
8/4/20,526685.0,9834.0,7989.0,466032.0,9408.0,8219.859999999986,497330.0,5446.0,7907.579999999958,417589.0,746.0,673.0,119724.0,830.0,805.8600000000006
8/5/20,530606.0,3921.0,6527.570000000007,476999.0,10967.0,8286.289999999979,502739.0,5409.0,7330.850000000035,418225.0,636.0,661.7199999999721,120446.0,722.0,786.7100000000064
8/6/20,541339.0,10733.0,6915.0,483920.0,6921.0,7955.850000000035,510389.0,7650.0,7001.429999999993,418928.0,703.0,651.140000000014,121247.0,801.0,777.1399999999994
8/7/20,546814.0,5475.0,6608.289999999979,491304.0,7384.0,7573.0,518075.0,7686.0,6812.719999999972,419642.0,714.0,661.140000000014,122028.0,781.0,748.7199999999866
8/8/20,554388.0,7574.0,6825.0,497632.0,6328.0,7556.289999999979,526577.0,8502.0,6649.850000000035,420345.0,703.0,654.0,122665.0,637.0,742.4300000000076
8/9/20,559746.0,5358.0,6795.859999999986,503328.0,5696.0,7883.280000000028,532806.0,6229.0,6524.859999999986,420860.0,515.0,651.7199999999721,123312.0,647.0,754.1399999999994
8/10/20,574231.0,14485.0,8197.140000000014,509581.0,6253.0,7565.289999999979,536961.0,4155.0,6439.570000000007,421336.0,476.0,641.8500000000349,124221.0,909.0,761.0
8/11/20,578946.0,4715.0,7465.859999999986,517700.0,8119.0,7381.140000000014,542792.0,5831.0,6494.570000000007,422003.0,667.0,630.5799999999581,125016.0,795.0,756.0
8/12/20,591376.0,12430.0,8681.430000000051,523977.0,6277.0,6711.149999999965,550901.0,8109.0,6880.290000000037,422703.0,700.0,639.710000000021,125918.0,902.0,781.7100000000064
8/13/20,597984.0,6608.0,8092.140000000014,530857.0,6880.0,6705.280000000028,557137.0,6236.0,6678.2799999999115,423440.0,737.0,644.570000000007,126905.0,987.0,808.2899999999936
8/14/20,613101.0,15117.0,9469.569999999949,539673.0,8816.0,6909.859999999986,563285.0,6148.0,6458.5800000000745,424167.0,727.0,646.429999999993,127732.0,827.0,814.8600000000006
8/15/20,617994.0,4893.0,9086.569999999949,546552.0,6879.0,6988.570000000007,569637.0,6352.0,6151.4199999999255,424901.0,734.0,650.859999999986,128531.0,799.0,838.0
8/16/20,623873.0,5879.0,9161.0,555394.0,8842.0,7438.0,573416.0,3779.0,5801.430000000051,425508.0,607.0,664.0,129070.0,539.0,822.5699999999924
8/17/20,629415.0,5542.0,7883.430000000051,561110.0,5716.0,7361.290000000037,576094.0,2678.0,5590.429999999935,425916.0,408.0,654.2800000000279,129647.0,577.0,775.140000000014
8/18/20,638140.0,8725.0,8456.290000000037,568812.0,7702.0,7301.709999999963,579932.0,3838.0,5305.7200000000885,426571.0,655.0,652.570000000007,130247.0,600.0,747.2899999999936
8/19/20,647274.0,9134.0,7985.4199999999255,574633.0,5821.0,7236.569999999949,584047.0,4115.0,4735.140000000014,427202.0,631.0,642.7199999999721,130905.0,658.0,712.429999999993
8/20/20,652267.0,4993.0,7754.7200000000885,579892.0,5259.0,7005.0,588602.0,4555.0,4495.0,427803.0,601.0,623.2800000000279,131692.0,787.0,683.8500000000058
8/21/20,658900.0,6633.0,6542.709999999963,585562.0,5670.0,6555.570000000065,593286.0,4684.0,4285.859999999986,428512.0,709.0,620.7199999999721,132417.0,725.0,669.2899999999936
8/22/20,664435.0,5535.0,6634.429999999935,589279.0,3717.0,6103.859999999986,597597.0,4311.0,3994.2799999999115,429165.0,653.0,609.140000000014,133160.0,743.0,661.2800000000134
8/23/20,669280.0,4845.0,6486.7200000000885,594035.0,4756.0,5520.140000000014,600571.0,2974.0,3879.2900000000373,429737.0,572.0,604.140000000014,133679.0,519.0,658.4300000000076
8/24/20,675561.0,6281.0,6592.2799999999115,598262.0,4227.0,5307.429999999935,602829.0,2258.0,3819.280000000028,430145.0,408.0,604.1499999999651,134204.0,525.0,651.0
8/25/20,681032.0,5471.0,6127.430000000051,604328.0,6066.0,5073.7200000000885,605502.0,2673.0,3652.859999999986,430774.0,629.0,600.429999999993,134760.0,556.0,644.7199999999721
8/26/20,687004.0,5972.0,5675.709999999963,610648.0,6320.0,5145.0,608722.0,3220.0,3525.0,431340.0,566.0,591.140000000014,135279.0,519.0,624.8500000000058
8/27/20,691821.0,4817.0,5650.5800000000745,614549.0,3901.0,4951.0,611991.0,3269.0,3341.2900000000373,432131.0,791.0,618.2800000000279,135912.0,633.0,602.8600000000151
8/28/20,697385.0,5564.0,5497.849999999977,619354.0,4805.0,4827.4199999999255,615806.0,3815.0,3217.140000000014,432767.0,636.0,607.859999999986,136781.0,869.0,623.429999999993
8/29/20,702038.0,4653.0,5371.859999999986,626751.0,7397.0,5353.150000000023,619003.0,3197.0,3058.0,433402.0,635.0,605.289999999979,137576.0,795.0,630.859999999986
8/30/20,705951.0,3913.0,5238.709999999963,629570.0,2819.0,5076.430000000051,621586.0,2583.0,3002.1399999998976,434100.0,698.0,623.2800000000279,138134.0,558.0,636.4300000000221
8/31/20,712475.0,6524.0,5273.430000000051,632739.0,3169.0,4925.2799999999115,623471.0,1885.0,2948.8600000001024,434756.0,656.0,658.7199999999721,138795.0,661.0,655.8500000000058
9/1/20,715617.0,3142.0,4940.719999999972,637721.0,4982.0,4770.430000000051,631040.0,7569.0,3648.2799999999115,435510.0,754.0,676.570000000007,139548.0,753.0,684.0
9/2/20,721281.0,5664.0,4896.709999999963,641855.0,4134.0,4458.140000000014,633442.0,2402.0,3531.430000000051,436218.0,708.0,696.859999999986,140532.0,984.0,750.429999999993
9/3/20,726018.0,4737.0,4885.290000000037,645422.0,3567.0,4410.429999999935,637013.0,3571.0,3574.569999999949,437107.0,889.0,710.8500000000349,141570.0,1038.0,808.289999999979
9/4/20,730662.0,4644.0,4753.849999999977,651350.0,5928.0,4570.860000000102,640211.0,3198.0,3486.430000000051,437971.0,864.0,743.429999999993,142495.0,925.0,816.2800000000279
9/5/20,735314.0,4652.0,4753.7200000000885,655815.0,4465.0,4152.0,643867.0,3656.0,3552.0,438772.0,801.0,767.140000000014,143280.0,785.0,814.859999999986
9/6/20,738856.0,3542.0,4700.709999999963,658202.0,2387.0,4090.2799999999115,646431.0,2564.0,3549.2900000000373,439501.0,729.0,771.5799999999581,143824.0,544.0,812.859999999986
9/7/20,740965.0,2109.0,4070.0,659041.0,839.0,3757.430000000051,648269.0,1838.0,3542.569999999949,440021.0,520.0,752.140000000014,144540.0,716.0,820.710000000021
9/8/20,744344.0,3379.0,4103.859999999986,662427.0,3386.0,3529.429999999935,650092.0,1823.0,2721.7099999999627,440578.0,557.0,724.0,145156.0,616.0,801.1399999999849
9/9/20,747290.0,2946.0,3715.569999999949,667500.0,5073.0,3663.570000000065,652259.0,2167.0,2688.1500000000233,441154.0,576.0,705.140000000014,146029.0,873.0,785.2900000000081
9/10/20,750961.0,3671.0,3563.2900000000373,669141.0,1641.0,3388.429999999935,654731.0,2472.0,2531.140000000014,441911.0,757.0,686.289999999979,146696.0,667.0,732.2900000000081
9/11/20,754905.0,3944.0,3463.280000000028,674943.0,5802.0,3370.430000000051,658381.0,3650.0,2595.7099999999627,442791.0,880.0,688.570000000007,147703.0,1007.0,744.0
9/12/20,758933.0,4028.0,3374.1500000000233,677625.0,2682.0,3115.7099999999627,661571.0,3190.0,2529.1500000000233,443640.0,849.0,695.429999999993,148635.0,932.0,765.0
9/13/20,761728.0,2795.0,3267.4199999999255,681885.0,4260.0,3383.2900000000373,663994.0,2423.0,2509.0,444365.0,725.0,694.8500000000349,149184.0,549.0,765.7099999999919
9/14/20,765134.0,3406.0,3452.7200000000885,685748.0,3863.0,3815.2900000000373,665730.0,1736.0,2494.430000000051,444948.0,583.0,703.859999999986,150000.0,816.0,780.0
9/15/20,768204.0,3070.0,3408.569999999949,692753.0,7005.0,4332.2799999999115,668846.0,3116.0,2679.140000000014,445714.0,766.0,733.7199999999721,151044.0,1044.0,841.140000000014
9/16/20,771321.0,3117.0,3433.0,696807.0,4054.0,4186.7200000000885,671201.0,2355.0,2706.0,446366.0,652.0,744.570000000007,151850.0,806.0,831.5699999999779
9/17/20,775037.0,3716.0,3439.430000000051,701350.0,4543.0,4601.2799999999115,674456.0,3255.0,2817.859999999986,447262.0,896.0,764.429999999993,152775.0,925.0,868.4300000000221
9/18/20,779491.0,4454.0,3512.2799999999115,704563.0,3213.0,4231.430000000051,677660.0,3204.0,2754.140000000014,448052.0,790.0,751.570000000007,153522.0,747.0,831.289999999979
9/19/20,783313.0,3822.0,3482.859999999986,707940.0,3377.0,4330.709999999963,681233.0,3573.0,2808.859999999986,449038.0,986.0,771.140000000014,154236.0,714.0,800.140000000014
9/20/20,786168.0,2855.0,3491.430000000051,713007.0,5067.0,4446.0,683754.0,2521.0,2822.8499999999767,449900.0,862.0,790.710000000021,154867.0,631.0,811.859999999986
9/21/20,790096.0,3928.0,3566.0,734778.0,21771.0,7004.290000000037,685439.0,1685.0,2815.569999999949,450473.0,573.0,789.289999999979,155693.0,826.0,813.2799999999988
9/22/20,793065.0,2969.0,3551.569999999949,741363.0,6585.0,6944.290000000037,687909.0,2470.0,2723.2900000000373,451227.0,754.0,787.570000000007,156477.0,784.0,776.1499999999942
9/23/20,796436.0,3371.0,3587.8600000001024,742913.0,1550.0,6586.569999999949,690499.0,2590.0,2756.859999999986,451892.0,665.0,789.429999999993,157336.0,859.0,783.710000000021
9/24/20,799516.0,3080.0,3497.0,747366.0,4453.0,6573.709999999963,693040.0,2541.0,2654.8499999999767,452847.0,955.0,797.859999999986,158181.0,845.0,772.289999999979
9/25/20,803660.0,4144.0,3452.7099999999627,751068.0,3702.0,6643.570000000065,695887.0,2847.0,2603.859999999986,453755.0,908.0,814.710000000021,159014.0,833.0,784.570000000007
9/26/20,807451.0,3791.0,3448.2900000000373,754311.0,3243.0,6624.429999999935,698682.0,2795.0,2492.7200000000885,454760.0,1005.0,817.429999999993,159933.0,919.0,813.8600000000151
9/27/20,809890.0,2439.0,3388.859999999986,758756.0,4445.0,6535.570000000065,700564.0,1882.0,2401.4199999999255,455626.0,866.0,818.0,160744.0,811.0,839.5699999999779
9/28/20,812711.0,2821.0,3230.7099999999627,761198.0,2442.0,3774.2900000000373,701302.0,738.0,2266.1500000000233,456460.0,834.0,855.289999999979,161594.0,850.0,843.0
9/29/20,815654.0,2943.0,3227.0,767264.0,6066.0,3700.1399999998976,704568.0,3266.0,2379.8499999999767,457649.0,1189.0,917.4200000000419,163180.0,1586.0,957.570000000007
9/30/20,819115.0,3461.0,3239.859999999986,773019.0,5755.0,4300.860000000102,706516.0,1948.0,2288.1500000000233,458649.0,1000.0,965.289999999979,164099.0,919.0,966.140000000014
10/1/20,822205.0,3090.0,3241.280000000028,776736.0,3717.0,4195.709999999963,709144.0,2628.0,2300.570000000065,460031.0,1382.0,1026.289999999979,165044.0,945.0,980.429999999993
10/2/20,826013.0,3808.0,3193.2900000000373,782306.0,5570.0,4462.569999999949,711804.0,2660.0,2273.859999999986,461629.0,1598.0,1124.850000000035,166238.0,1194.0,1032.0
10/3/20,829521.0,3508.0,3152.859999999986,787425.0,5119.0,4730.5800000000745,714591.0,2787.0,2272.7099999999627,463360.0,1731.0,1228.570000000007,166238.0,0.0,900.7099999999919
10/4/20,832713.0,3192.0,3260.4199999999255,790194.0,2769.0,4491.140000000014,716459.0,1868.0,2270.7099999999627,464582.0,1222.0,1279.429999999993,168126.0,1888.0,1054.5800000000163
10/5/20,835507.0,2794.0,3256.5800000000745,794319.0,4125.0,4731.569999999949,717874.0,1415.0,2367.430000000051,465515.0,933.0,1293.570000000007,169101.0,975.0,1072.4199999999837
10/6/20,838202.0,2695.0,3221.140000000014,798569.0,4250.0,4472.140000000014,720125.0,2251.0,2222.429999999935,466908.0,1393.0,1322.719999999972,170224.0,1123.0,1006.2900000000081
10/7/20,841928.0,3726.0,3259.0,803690.0,5121.0,4381.569999999949,722707.0,2582.0,2313.0,468268.0,1360.0,1374.140000000014,171527.0,1303.0,1061.140000000014
10/8/20,845270.0,3342.0,3295.0,807754.0,4064.0,4431.150000000023,726013.0,3306.0,2409.8600000001024,470104.0,1836.0,1439.0,172948.0,1421.0,1129.1499999999942
10/9/20,849076.0,3806.0,3294.7099999999627,812191.0,4437.0,4269.280000000028,728921.0,2908.0,2445.2799999999115,471696.0,1592.0,1438.140000000014,174329.0,1381.0,1155.8500000000058
10/10/20,852410.0,3334.0,3269.859999999986,815915.0,3724.0,4070.0,728921.0,0.0,2047.1500000000233,473143.0,1447.0,1397.579999999958,175797.0,1468.0,1365.5699999999779
10/11/20,855190.0,2780.0,3211.0,818426.0,2511.0,4033.1500000000233,734491.0,5570.0,2576.0,474286.0,1143.0,1386.280000000028,176781.0,984.0,1236.4300000000221
10/12/20,857913.0,2723.0,3200.859999999986,821110.0,2684.0,3827.2799999999115,736024.0,1533.0,2592.8499999999767,475315.0,1029.0,1400.0,177819.0,1038.0,1245.429999999993
10/13/20,861310.0,3397.0,3301.140000000014,826816.0,5706.0,4035.2900000000373,738749.0,2725.0,2660.5800000000745,476708.0,1393.0,1400.0,179651.0,1832.0,1346.7200000000012
10/14/20,865204.0,3894.0,3325.140000000014,832736.0,5920.0,4149.430000000051,741632.0,2883.0,2703.569999999949,477940.0,1232.0,1381.719999999972,180935.0,1284.0,1344.0
10/15/20,868148.0,2944.0,3268.2900000000373,837566.0,4830.0,4258.849999999977,744988.0,3356.0,2710.7099999999627,479400.0,1460.0,1328.0,182486.0,1551.0,1362.5699999999779
10/16/20,871253.0,3105.0,3168.1399999998976,843487.0,5921.0,4470.859999999986,748437.0,3449.0,2788.0,481107.0,1707.0,1344.420000000042,184165.0,1679.0,1405.140000000014
10/17/20,873614.0,2361.0,3029.140000000014,848442.0,4955.0,4646.709999999963,752481.0,4044.0,3365.7200000000885,482891.0,1784.0,1392.579999999958,185668.0,1503.0,1410.140000000014
10/18/20,875692.0,2078.0,2928.859999999986,854006.0,5564.0,5082.859999999986,755020.0,2539.0,2932.7099999999627,484281.0,1390.0,1427.850000000035,186754.0,1086.0,1424.719999999972
10/19/20,879645.0,3953.0,3104.570000000065,856948.0,2942.0,5119.7200000000885,756727.0,1707.0,2957.569999999949,485279.0,998.0,1423.429999999993,188381.0,1627.0,1508.8500000000058
10/20/20,883746.0,4101.0,3205.1500000000233,862277.0,5329.0,5065.849999999977,760389.0,3662.0,3091.430000000051,486480.0,1201.0,1396.0,189970.0,1589.0,1474.1499999999942
10/21/20,886939.0,3193.0,3105.0,868981.0,6704.0,5177.859999999986,762533.0,2144.0,2985.859999999986,488506.0,2026.0,1509.429999999993,191333.0,1363.0,1485.4300000000221
10/22/20,893364.0,6425.0,3602.2799999999115,871453.0,2472.0,4841.0,768091.0,5558.0,3300.430000000051,490134.0,1628.0,1533.429999999993,193401.0,2068.0,1559.2799999999988
10/23/20,898799.0,5435.0,3935.140000000014,878567.0,7114.0,5011.430000000051,771780.0,3689.0,3334.7099999999627,491771.0,1637.0,1523.429999999993,195655.0,2254.0,1641.429999999993
10/24/20,903684.0,4885.0,4295.7200000000885,888362.0,9795.0,5702.859999999986,776251.0,4471.0,3395.7099999999627,493832.0,2061.0,1563.0,197370.0,1715.0,1671.7099999999919
10/25/20,906596.0,2912.0,4414.859999999986,892006.0,3644.0,5428.569999999949,778636.0,2385.0,3373.7200000000885,495464.0,1632.0,1597.570000000007,198713.0,1343.0,1708.4300000000221
10/26/20,910438.0,3842.0,4399.0,898302.0,6296.0,5907.709999999963,782013.0,3377.0,3612.2799999999115,496655.0,1191.0,1625.140000000014,201248.0,2535.0,1838.1499999999942
10/27/20,914888.0,4450.0,4448.849999999977,904769.0,6467.0,6070.290000000037,786311.0,4298.0,3703.1500000000233,498646.0,1991.0,1738.0,203520.0,2272.0,1935.7099999999919
10/28/20,919276.0,4388.0,4619.569999999949,911835.0,7066.0,6122.0,790426.0,4115.0,3984.7099999999627,500677.0,2031.0,1738.719999999972,205852.0,2332.0,2074.140000000014
10/29/20,923648.0,4372.0,4326.290000000037,918721.0,6886.0,6752.570000000065,794624.0,4198.0,3790.430000000051,503176.0,2499.0,1863.140000000014,208087.0,2235.0,2098.0
10/30/20,928028.0,4380.0,4175.569999999949,924447.0,5726.0,6554.2799999999115,800216.0,5592.0,4062.2900000000373,505431.0,2255.0,1951.429999999993,210586.0,2499.0,2133.0
10/31/20,932143.0,4115.0,4065.570000000065,932261.0,7814.0,6271.290000000037,802547.0,2331.0,3756.569999999949,507543.0,2112.0,1958.710000000021,212791.0,2205.0,2203.0
11/1/20,935878.0,3735.0,4183.150000000023,936816.0,4555.0,6401.430000000051,807412.0,4865.0,4110.849999999977,509735.0,2192.0,2038.719999999972,214416.0,1625.0,2243.289999999979
11/2/20,940411.0,4533.0,4281.849999999977,942303.0,5487.0,6285.859999999986,812063.0,4651.0,4292.859999999986,511368.0,1633.0,2101.850000000035,217243.0,2827.0,2285.0
11/3/20,945401.0,4990.0,4359.0,950302.0,7999.0,6504.709999999963,816700.0,4637.0,4341.290000000037,513689.0,2321.0,2149.0,220074.0,2831.0,2364.860000000015
11/4/20,950920.0,5519.0,4520.569999999949,959811.0,9509.0,6853.709999999963,821123.0,4423.0,4385.280000000028,515815.0,2126.0,2162.570000000007,222883.0,2809.0,2433.0
11/5/20,956854.0,5934.0,4743.7200000000885,969490.0,9679.0,7252.7200000000885,827380.0,6257.0,4679.429999999935,518812.0,2997.0,2233.719999999972,225698.0,2815.0,2515.850000000006
11/6/20,963211.0,6357.0,5026.139999999898,977222.0,7732.0,7539.2799999999115,832625.0,5245.0,4629.860000000102,522021.0,3209.0,2370.0,229346.0,3648.0,2680.0
11/7/20,969362.0,6151.0,5317.0,985061.0,7839.0,7542.859999999986,837077.0,4452.0,4932.859999999986,525608.0,3587.0,2580.710000000021,232493.0,3147.0,2814.569999999978
11/8/20,972713.0,3351.0,5262.140000000014,990930.0,5869.0,7730.570000000065,843897.0,6820.0,5212.140000000014,529036.0,3428.0,2757.289999999979,235014.0,2521.0,2942.5800000000163
11/9/20,981297.0,8584.0,5840.859999999986,998027.0,7097.0,7960.569999999949,847821.0,3924.0,5108.2799999999115,532180.0,3144.0,2973.140000000014,239724.0,4710.0,3211.569999999978
11/10/20,989432.0,8135.0,6290.140000000014,1010364.0,12337.0,8580.290000000037,852174.0,4353.0,5067.7200000000885,536145.0,3965.0,3207.999999999942,244046.0,4322.0,3424.570000000007
11/11/20,995575.0,6143.0,6379.290000000037,1022336.0,11972.0,8932.140000000014,858012.0,5838.0,5269.859999999986,540965.0,4820.0,3592.8600000001024,248015.0,3969.0,3590.279999999999
11/12/20,1004116.0,8541.0,6751.709999999963,1031363.0,9027.0,8839.0,863619.0,5607.0,5177.0,545762.0,4797.0,3850.0,254155.0,6140.0,4065.290000000008
11/13/20,1013566.0,9450.0,7193.5800000000745,1043116.0,11753.0,9413.429999999935,870552.0,6933.0,5418.140000000014,551163.0,5401.0,4163.139999999898,259988.0,5833.0,4377.429999999993
11/14/20,1023067.0,9501.0,7672.140000000014,1052229.0,9113.0,9595.430000000051,875096.0,4544.0,5431.2799999999115,556551.0,5388.0,4420.430000000051,264222.0,4234.0,4532.710000000021
11/15/20,1032095.0,9028.0,8483.139999999898,1059753.0,7524.0,9831.859999999986,885201.0,10105.0,5900.5800000000745,560200.0,3649.0,4452.0,268696.0,4474.0,4811.719999999972
